order_id,customer_id,order_date,status,currency,amount
ORD-1001,CUST-001,2024-01-10,COMPLETED,USD,$150.00
ORD-1002,CUST-002,2024-01-14,COMPLETED,USD,250.00
ORD-1003,CUST-003,2024-01-18,COMPLETED,USD,$500.00
ORD-1004,CUST-004,2024-01-22,COMPLETED,USD,$300.00
ORD-1005,CUST-005,2024-01-28,CANCELLED,USD,$120.00
ORD-1006,CUST-006,2024-02-05,COMPLETED,USD,$400.00
ORD-1007,CUST-007,2024-02-12,COMPLETED,USD,350.00
ORD-1008,CUST-008,2024-02-19,PENDING,USD,$180.00
ORD-1009,CUST-009,2024-02-25,COMPLETED,USD,$220.00
ORD-1010,CUST-001,2024-03-15,COMPLETED,USD,$200.00
ORD-1011,CUST-002,2024-03-22,COMPLETED,USD,$300.00
ORD-1012,CUST-003,05/03/2024,COMPLETED,USD,"$1,843.21"
ORD-1013,CUST-004,03/05/2024,COMPLETED,USD,$602.47
ORD-1014,CUST-005,2024-04-04,COMPLETED,USD,$450.00
ORD-1015,CUST-006,2024-04-16,COMPLETED,USD,$550.00
ORD-1016,CUST-007,2024-04-20,CANCELLED,USD,$200.00
ORD-1017,CUST-008,2024-04-28,COMPLETED,USD,$600.00
ORD-1020,CUST-009,2024-05-14,COMPLETED,USD,"$1,000.00"
ORD-1021,CUST-010,2024-05-18,COMPLETED,USD,"$1,400.00"
ORD-1022,CUST-011,2024-05-26,COMPLETED,USD,$997.53
ORD-1023,CUST-012,2024-06-10,COMPLETED,USD,$800.00
ORD-1024,CUST-013,2024-06-22,COMPLETED,USD,$950.00
ORD-1032,CUST-014,2024-02-10,COMPLETED,EUR,€150.00
ORD-1033,CUST-015,2024-02-18,COMPLETED,EUR,€200.00
ORD-1034,CUST-016,2024-01-20,COMPLETED,GBP,£120.00
ORD-1035,CUST-017,2024-01-25,COMPLETED,GBP,£180.00
ORD-1030,CUST-018,2024-04-12,COMPLETED,EUR,$350.00
ORD-1031,CUST-019,2024-04-14,COMPLETED,USD,€450.00
ORD-1036,CUST-001,2024-02-01,COMPLETED,,100.00
ORD-1037,CUST-002,2024-02-02,COMPLETED,,200.00
ORD-1038,CUST-003,2024-02-03,PENDING,,150.00
ORD-1039,CUST-004,2024-02-04,CANCELLED,,50.00
ORD-1040,CUST-001,2024-03-01,COMPLETED,USD,
ORD-1041,CUST-002,2024-03-02,COMPLETED,USD,
ORD-1042,CUST-003,2024-03-03,PENDING,USD,
ORD-1043,CUST-004,2024-03-04,CANCELLED,USD,
ORD-1044,CUST-005,2024-03-05,COMPLETED,EUR,
ORD-1045,CUST-006,2024-03-06,COMPLETED,USD,
ORD-1046,CUST-999,2024-04-01,COMPLETED,USD,$75.00
ORD-1047,CUST-998,2024-04-02,COMPLETED,USD,$85.00
ORD-1048,CUST-997,2024-04-03,PENDING,USD,$95.00
ORD-1049,CUST-996,2024-04-04,CANCELLED,USD,$105.00
ORD-1050,CUST-995,2024-04-05,COMPLETED,EUR,€115.00
ORD-1001,CUST-001,2024-01-10,COMPLETED,USD,$150.00
ORD-1004,CUST-004,2024-01-22,COMPLETED,USD,$300.00
ORD-1006,CUST-006,2024-02-05,COMPLETED,USD,$400.00
ORD-1010,CUST-001,2024-03-15,COMPLETED,USD,$200.00
ORD-1014,CUST-005,2024-04-04,COMPLETED,USD,$450.00
ORD-1020,CUST-009,2024-05-14,COMPLETED,USD,"$1,000.00"
ORD-1023,CUST-012,2024-06-10,COMPLETED,USD,$800.00
ORD-1032,CUST-014,2024-02-10,COMPLETED,EUR,€150.00
ORD-1002,CUST-002,2024-01-14, COMPLETED ,USD,250.00
ORD-1007,CUST-007,2024-02-12,completed,USD,350.00
ORD-1015,CUST-006,2024-04-16, Completed  ,USD,$550.00
